hk_ticker,adr_ticker,adr_per_share,name
0700.HK,TCEHY,1.0,Tencent
2318.HK,PNGAY,0.5,Ping An Insurance
3690.HK,MPNGY,0.5,Meituan
9988.HK,BABA,0.125,Alibaba
2628.HK,LFC,0.2,China Life
0386.HK,SNP,0.01,Sinopec
0857.HK,PTR,0.01,PetroChina
9999.HK,NTES,0.2,NetEase
6160.HK,BGNE,0.076923,BeiGene
0338.HK,SHI,0.01,Sinopec Shanghai Petrochemical
0670.HK,CEA,0.02,China Eastern Airlines
1055.HK,ZNH,0.02,China Southern Airlines
0902.HK,HNP,0.025,Huaneng Power
2600.HK,ACH,0.04,Aluminum Corp of China
9618.HK,JD,0.5,JD.com
0005.HK,HSBC,0.2,HSBC
9888.HK,BIDU,0.125,Baidu
9626.HK,BILI,1.0,Bilibili
9868.HK,XPEV,0.5,XPeng
1211.HK,BYDDY,0.5,BYD
1299.HK,AAGIY,0.25,AIA
9901.HK,EDU,1.0,New Oriental
9698.HK,GDS,0.125,GDS Holdings
2313.HK,SHZHY,1.0,Shenzhou International
2269.HK,WXXWY,0.5,WuXi Biologics
1928.HK,SCHYY,0.1,Sands China
0669.HK,TTNDY,0.2,Techtronic Industries
0388.HK,HKXCY,1.0,Hong Kong Exchanges
2688.HK,XNGSY,0.25,ENN Energy
3968.HK,CIHKY,0.2,China Merchants Bank
0001.HK,CKHUY,1.0,CK Hutchison
0939.HK,CICHY,0.05,China Construction Bank
1398.HK,IDCBY,0.05,ICBC
3988.HK,BACHY,0.04,Bank of China
