pair,name,days,is_entry_k,is_exit_k,is_sharpe,is_annual_return,oos_sharpe,oos_annual_return,oos_max_drawdown,oos_trades
9868.HK/XPEV,XPeng,1283,2.0,-0.6,0.4996816603060365,0.09979689229842426,0.40761164469559763,0.05822766511850874,-0.13185484810809722,13
2600.HK/ACH,Aluminum Corp of China,1900,1.5,1.4,1.1330063479356876,0.3064703116615135,0.36056359391043935,0.0419413407331668,-0.2822880471440914,5
0001.HK/CKHUY,CK Hutchison,1900,2.0,-1.2,0.20925636259552052,0.013124443926492368,0.34049851866672864,0.025766707471148287,-0.05542181507039079,50
9698.HK/GDS,GDS Holdings,1450,0.4,-1.8,0.549008156746129,0.13862305420027998,0.33934967701525576,0.04181160220899893,-0.4009102139649058,23
9901.HK/EDU,New Oriental,1445,0.7,-1.2,0.4012711493176653,0.07125089374982463,0.2748795332687359,0.03860657729528483,-0.15473419421643386,20
9999.HK/NTES,NetEase,1546,2.0,-2.0,0.2914082364127725,0.04301183403767661,0.256705313838123,0.03351741439310851,-0.13863849170183817,36
2313.HK/SHZHY,Shenzhou International,1900,0.4,-1.6,0.26097963772186467,0.034771140809919165,0.1538503908925655,0.010124641739340134,-0.275745870097004,84
2688.HK/XNGSY,ENN Energy,1900,1.5,-1.2,0.33281959917080933,0.0384742714954136,0.14127885960280534,0.0099062817490152,-0.1427659451855703,39
9988.HK/BABA,Alibaba,1679,0.4,-2.0,0.33585238398784945,0.05426031290418987,0.11090945981171259,-0.033361573094061625,-0.33759592043936293,68
9618.HK/JD,JD.com,1541,1.9,0.0,0.35503789775720096,0.03627347748558818,0.08073438814059058,-0.003437902605611387,-0.17765181021566667,19
1211.HK/BYDDY,BYD,1900,0.9,-1.6,0.09652031532643893,-0.00931754537142171,0.07932887924768399,-0.013888197394076984,-0.22274209775557852,34
1398.HK/IDCBY,ICBC,1900,1.7,-1.4,0.022591903831336597,-0.0030838881158071763,0.05155696609989273,0.0011018693021644932,-0.12188340346041715,38
3690.HK/MPNGY,Meituan,1694,2.0,-2.0,0.08262963308690112,-0.010550545877794693,0.027384941724804466,-0.03826553286144341,-0.29065469316728865,22
9888.HK/BIDU,Baidu,1353,1.8,-0.6,0.2148607048341391,0.02195988336928023,0.01781968951120022,-0.014321179288275032,-0.2164296073165617,50
0005.HK/HSBC,HSBC,1900,0.1,-2.0,-0.09998784632316729,-0.06049157639623748,0.015402090659263836,-0.023790174395497132,-0.22833338837305994,34
0669.HK/TTNDY,Techtronic Industries,1900,1.7,-2.0,0.034803247681969386,-0.006420261493196744,0.011279115128391451,-0.007834453759366755,-0.15786245467585347,38
1299.HK/AAGIY,AIA,1900,1.5,-2.0,0.13157045300133485,0.008536359983146946,-0.0447353277140597,-0.013187669070181762,-0.19958396265680822,43
2269.HK/WXXWY,WuXi Biologics,1900,1.3,0.8,0.23654067590340536,0.01087989734356265,-0.0542880628144083,-0.04235677452328035,-0.3535890879998346,121
3968.HK/CIHKY,China Merchants Bank,1900,1.9,-1.4,0.0550186699220408,0.00026233917182927335,-0.10459939749108459,-0.02437007616377651,-0.18789970076958573,47
2318.HK/PNGAY,Ping An Insurance,1900,1.4,-1.6,0.015342555643912735,-0.012381868031260956,-0.16351792373041674,-0.0360405040927303,-0.27624362979361183,55
3988.HK/BACHY,Bank of China,1900,1.9,-1.8,-0.02570293366180347,-0.009162164624113345,-0.19665031450770049,-0.029850758891313833,-0.23694753373780186,41
0388.HK/HKXCY,Hong Kong Exchanges,1900,2.0,-0.6,-0.07960539909693658,-0.006334177704123034,-0.24258365438467336,-0.03090863910752828,-0.25589894661457147,33
9626.HK/BILI,Bilibili,1349,1.9,-2.0,0.34602787559413684,0.059304020523527345,-0.28350287890889675,-0.17424664394576583,-0.519824606569127,27
0700.HK/TCEHY,Tencent,1900,0.1,-1.4,0.22943504298214545,0.01697220817554501,-0.3405463174398563,-0.06120787825570162,-0.3940930070338028,22
1928.HK/SCHYY,Sands China,1900,1.8,-2.0,-0.12673055007949788,-0.04785713820368398,-0.3636083206623155,-0.11111097354133526,-0.5116308100395899,49
0939.HK/CICHY,China Construction Bank,1900,1.5,0.2,-0.061792739491123794,-0.005345265231061713,-0.4018754655278731,-0.027771817730431136,-0.22681251124042123,54
